{
    "total_data": 11,
    "count": 10,
    "data": [
        {
            "name": "/",
            "from_lat": 0.3452999867075,
            "waktu_selesai": "",
            "driver_name": "Davip Alex Sander",
            "region_id": 95,
            "vehicle_name": "PBR 5844 - BM7014SU",
            "address_from": "",
            "route_id": 1182,
            "address_to": "",
            "to_id": 343,
            "distance": 0,
            "route_name": "PBR 01 (Bangkinang - XIII Koto Kampar) 55 km",
            "passenger_total": 0,
            "to_lng": 100.64641777777898,
            "income_total": 0,
            "waktu_sampai": "",
            "from_lng": 101.02476500000002,
            "from_id": 342,
            "gpswox_dbid": 757,
            "vehicle_id": 428,
            "region_name": "Pekanbaru",
            "from_name": "(PBR) Bangkinang",
            "to_lat": 0.32919165399428,
            "id": 55620,
            "to_name": "(PBR) XIII Koto Kampar",
            "trip_type": "reguler",
            "state": "draft",
            "waktu_berangkat": "",
            "driver_id": 840,
            "waktu_draft": "21/04/2020 06:54:17"
        },
        {
            "name": "/",
            "from_lat": 0.32919165399428,
            "waktu_selesai": "",
            "driver_name": "Eka Mardiansyah Putra",
            "region_id": 95,
            "vehicle_name": "PBR 5840 - BM7019SU",
            "address_from": "",
            "route_id": 1182,
            "address_to": "",
            "to_id": 342,
            "distance": 0,
            "route_name": "PBR 01 (Bangkinang - XIII Koto Kampar) 55 km",
            "passenger_total": 0,
            "to_lng": 101.02476500000002,
            "income_total": 0,
            "waktu_sampai": "",
            "from_lng": 100.64641777777898,
            "from_id": 343,
            "gpswox_dbid": 756,
            "vehicle_id": 424,
            "region_name": "Pekanbaru",
            "from_name": "(PBR) XIII Koto Kampar",
            "to_lat": 0.3452999867075,
            "id": 55619,
            "to_name": "(PBR) Bangkinang",
            "trip_type": "reguler",
            "state": "draft",
            "waktu_berangkat": "",
            "driver_id": 274,
            "waktu_draft": "21/04/2020 06:54:01"
        },
        {
            "name": "/",
            "from_lat": 0.9039919651979,
            "waktu_selesai": "",
            "driver_name": "Saipul Ahyar",
            "region_id": 95,
            "vehicle_name": "PBR 5842 - BM7018SU",
            "address_from": "",
            "route_id": 1183,
            "address_to": "",
            "to_id": 344,
            "distance": 0,
            "route_name": "PBR 02 (Siak Sri Indrapura - Kandis) 173 km",
            "passenger_total": 0,
            "to_lng": 102.04498700000002,
            "income_total": 0,
            "waktu_sampai": "",
            "from_lng": 101.23437300000056,
            "from_id": 345,
            "gpswox_dbid": 759,
            "vehicle_id": 426,
            "region_name": "Pekanbaru",
            "from_name": "(PBR) Kandis",
            "to_lat": 0.79590996935944,
            "id": 55618,
            "to_name": "(PBR) Siak Sri Indrapura",
            "trip_type": "reguler",
            "state": "draft",
            "waktu_berangkat": "",
            "driver_id": 276,
            "waktu_draft": "21/04/2020 06:53:47"
        },
        {
            "name": "/",
            "from_lat": 0.79590996935944,
            "waktu_selesai": "",
            "driver_name": "Yasir Hadi Broto",
            "region_id": 95,
            "vehicle_name": "PBR 5843 - BM7011SU",
            "address_from": "",
            "route_id": 1183,
            "address_to": "",
            "to_id": 345,
            "distance": 0,
            "route_name": "PBR 02 (Siak Sri Indrapura - Kandis) 173 km",
            "passenger_total": 0,
            "to_lng": 101.23437300000056,
            "income_total": 0,
            "waktu_sampai": "",
            "from_lng": 102.04498700000002,
            "from_id": 344,
            "gpswox_dbid": 760,
            "vehicle_id": 427,
            "region_name": "Pekanbaru",
            "from_name": "(PBR) Siak Sri Indrapura",
            "to_lat": 0.9039919651979,
            "id": 55617,
            "to_name": "(PBR) Kandis",
            "trip_type": "reguler",
            "state": "draft",
            "waktu_berangkat": "",
            "driver_id": 277,
            "waktu_draft": "21/04/2020 06:53:32"
        },
        {
            "name": "/",
            "from_lat": 0.3452999867075,
            "waktu_selesai": "",
            "driver_name": "Davip Alex Sander",
            "region_id": 95,
            "vehicle_name": "PBR 5844 - BM7014SU",
            "address_from": "",
            "route_id": 1182,
            "address_to": "",
            "to_id": 343,
            "distance": 0,
            "route_name": "PBR 01 (Bangkinang - XIII Koto Kampar) 55 km",
            "passenger_total": 0,
            "to_lng": 100.64641777777898,
            "income_total": 0,
            "waktu_sampai": "",
            "from_lng": 101.02476500000002,
            "from_id": 342,
            "gpswox_dbid": 757,
            "vehicle_id": 428,
            "region_name": "Pekanbaru",
            "from_name": "(PBR) Bangkinang",
            "to_lat": 0.32919165399428,
            "id": 54335,
            "to_name": "(PBR) XIII Koto Kampar",
            "trip_type": "reguler",
            "state": "draft",
            "waktu_berangkat": "",
            "driver_id": 840,
            "waktu_draft": "20/04/2020 06:38:39"
        },
        {
            "name": "/",
            "from_lat": 0.32919165399428,
            "waktu_selesai": "",
            "driver_name": "Eka Mardiansyah Putra",
            "region_id": 95,
            "vehicle_name": "PBR 5840 - BM7019SU",
            "address_from": "",
            "route_id": 1182,
            "address_to": "",
            "to_id": 342,
            "distance": 0,
            "route_name": "PBR 01 (Bangkinang - XIII Koto Kampar) 55 km",
            "passenger_total": 0,
            "to_lng": 101.02476500000002,
            "income_total": 0,
            "waktu_sampai": "",
            "from_lng": 100.64641777777898,
            "from_id": 343,
            "gpswox_dbid": 756,
            "vehicle_id": 424,
            "region_name": "Pekanbaru",
            "from_name": "(PBR) XIII Koto Kampar",
            "to_lat": 0.3452999867075,
            "id": 54334,
            "to_name": "(PBR) Bangkinang",
            "trip_type": "reguler",
            "state": "draft",
            "waktu_berangkat": "",
            "driver_id": 274,
            "waktu_draft": "20/04/2020 06:38:22"
        },
        {
            "name": "/",
            "from_lat": 0.9039919651979,
            "waktu_selesai": "",
            "driver_name": "Saipul Ahyar",
            "region_id": 95,
            "vehicle_name": "PBR 5842 - BM7018SU",
            "address_from": "",
            "route_id": 1183,
            "address_to": "",
            "to_id": 344,
            "distance": 0,
            "route_name": "PBR 02 (Siak Sri Indrapura - Kandis) 173 km",
            "passenger_total": 0,
            "to_lng": 102.04498700000002,
            "income_total": 0,
            "waktu_sampai": "",
            "from_lng": 101.23437300000056,
            "from_id": 345,
            "gpswox_dbid": 759,
            "vehicle_id": 426,
            "region_name": "Pekanbaru",
            "from_name": "(PBR) Kandis",
            "to_lat": 0.79590996935944,
            "id": 54333,
            "to_name": "(PBR) Siak Sri Indrapura",
            "trip_type": "reguler",
            "state": "draft",
            "waktu_berangkat": "",
            "driver_id": 276,
            "waktu_draft": "20/04/2020 06:38:05"
        },
        {
            "name": "/",
            "from_lat": 0.79590996935944,
            "waktu_selesai": "",
            "driver_name": "Yasir Hadi Broto",
            "region_id": 95,
            "vehicle_name": "PBR 5843 - BM7011SU",
            "address_from": "",
            "route_id": 1183,
            "address_to": "",
            "to_id": 345,
            "distance": 0,
            "route_name": "PBR 02 (Siak Sri Indrapura - Kandis) 173 km",
            "passenger_total": 0,
            "to_lng": 101.23437300000056,
            "income_total": 0,
            "waktu_sampai": "",
            "from_lng": 102.04498700000002,
            "from_id": 344,
            "gpswox_dbid": 760,
            "vehicle_id": 427,
            "region_name": "Pekanbaru",
            "from_name": "(PBR) Siak Sri Indrapura",
            "to_lat": 0.9039919651979,
            "id": 54332,
            "to_name": "(PBR) Kandis",
            "trip_type": "reguler",
            "state": "draft",
            "waktu_berangkat": "",
            "driver_id": 277,
            "waktu_draft": "20/04/2020 06:37:43"
        },
        {
            "name": "/",
            "from_lat": 0.79590996935944,
            "waktu_selesai": "",
            "driver_name": "Usman Efendi",
            "region_id": 95,
            "vehicle_name": "PBR 5841 - BM7015SU",
            "address_from": "",
            "route_id": 1183,
            "address_to": "",
            "to_id": 345,
            "distance": 0,
            "route_name": "PBR 02 (Siak Sri Indrapura - Kandis) 173 km",
            "passenger_total": 0,
            "to_lng": 101.23437300000056,
            "income_total": 0,
            "waktu_sampai": "",
            "from_lng": 102.04498700000002,
            "from_id": 344,
            "gpswox_dbid": 758,
            "vehicle_id": 425,
            "region_name": "Pekanbaru",
            "from_name": "(PBR) Siak Sri Indrapura",
            "to_lat": 0.9039919651979,
            "id": 49866,
            "to_name": "(PBR) Kandis",
            "trip_type": "reguler",
            "state": "draft",
            "waktu_berangkat": "",
            "driver_id": 275,
            "waktu_draft": "14/04/2020 07:01:56"
        },
        {
            "name": "/",
            "from_lat": 0.79590996935944,
            "waktu_selesai": "",
            "driver_name": "Usman Efendi",
            "region_id": 95,
            "vehicle_name": "PBR 5841 - BM7015SU",
            "address_from": "",
            "route_id": 1183,
            "address_to": "",
            "to_id": 345,
            "distance": 0,
            "route_name": "PBR 02 (Siak Sri Indrapura - Kandis) 173 km",
            "passenger_total": 0,
            "to_lng": 101.23437300000056,
            "income_total": 0,
            "waktu_sampai": "",
            "from_lng": 102.04498700000002,
            "from_id": 344,
            "gpswox_dbid": 758,
            "vehicle_id": 425,
            "region_name": "Pekanbaru",
            "from_name": "(PBR) Siak Sri Indrapura",
            "to_lat": 0.9039919651979,
            "id": 48991,
            "to_name": "(PBR) Kandis",
            "trip_type": "reguler",
            "state": "draft",
            "waktu_berangkat": "",
            "driver_id": 275,
            "waktu_draft": "13/04/2020 06:53:45"
        }
    ]
}